City,Lat,Lng,Max Temp,Humidity,Cloudiness,Wind Speed,Country,Date
Provideniya,64.38,-173.3,49.8,63,6,5.68,RU,1595124726
Yeppoon,-23.13,150.73,73.4,38,0,6.93,AU,1595124797
Puerto Ayora,-0.74,-90.35,70.0,92,79,3.0,EC,1595124797
Kapaa,22.08,-159.32,84.99,83,75,11.41,US,1595124797
Brus Laguna,15.75,-84.48,77.41,91,0,3.24,HN,1595124797
Hermanus,-34.42,19.23,50.0,94,12,1.01,ZA,1595124797
Saraza,8.74,117.78,86.65,64,30,6.35,PH,1595124797
Brae,60.4,-1.35,51.8,87,69,17.22,GB,1595124797
Atuona,-9.8,-139.03,78.96,80,47,16.44,PF,1595124797
Hamilton,39.18,-84.53,84.99,66,40,5.82,US,1595124756
Adrar,20.5,-10.07,94.44,20,0,5.99,MR,1595124680
Port Elizabeth,-33.92,25.57,55.4,87,0,5.82,ZA,1595124798
Ushuaia,-54.8,-68.3,32.0,94,75,9.17,AR,1595124798
Kitui,-1.37,38.01,61.34,72,100,5.14,KE,1595124544
Tuktoyaktuk,69.45,-133.04,42.8,93,90,13.87,CA,1595124798
Vilhena,-12.74,-60.15,72.05,56,0,3.91,BR,1595124798
Rīngas,27.35,75.57,86.0,74,40,9.17,IN,1595124799
Kiryat Gat,31.61,34.76,73.99,69,0,1.77,IL,1595124662
Caibarién,22.52,-79.47,77.0,94,75,3.36,CU,1595124799
Bathsheba,13.22,-59.52,82.4,78,75,13.87,BB,1595124799
Yabrūd,33.97,36.66,66.2,72,0,8.05,SY,1595124799
Bethel,41.37,-73.41,75.0,83,1,2.62,US,1595124689
Hasaki,35.73,140.83,81.0,88,75,5.82,JP,1595124673
Saint-Philippe,-21.36,55.77,66.2,68,75,11.41,RE,1595124799
Jieshi,22.81,115.83,85.64,76,89,13.71,CN,1595124799
Pevek,69.7,170.31,46.53,64,1,4.94,RU,1595124800
Walvis Bay,-22.96,14.51,64.0,20,0,9.17,NA,1595124800
Avarua,-21.21,-159.78,73.4,73,69,11.41,CK,1595124800
Divnogorsk,55.96,92.36,60.8,67,0,1.83,RU,1595124800
Skibbereen,51.55,-9.27,50.0,87,75,13.87,IE,1595124800
São João da Barra,-21.64,-41.05,68.83,75,0,6.04,BR,1595124800
Kupang,-10.17,123.58,86.0,45,20,10.29,ID,1595124800
Weihe,33.0,105.32,75.4,43,0,5.5,CN,1595124801
Bonthe,7.53,-12.51,76.03,85,99,5.12,SL,1595124801
Okha,53.57,142.95,59.05,86,99,8.39,RU,1595124801
Saint-Joseph,-21.37,55.62,66.2,68,75,11.41,RE,1595124801
Linhares,-19.39,-40.07,65.77,86,75,4.09,BR,1595124801
Vaini,-21.2,-175.2,80.6,78,75,14.99,TO,1595124801
Saskylakh,71.92,114.08,52.47,59,41,10.25,RU,1595124801
Leningradskiy,69.38,178.42,41.67,74,17,10.87,RU,1595124801
Yellowknife,62.46,-114.35,73.0,43,20,10.29,CA,1595124363
Matara,5.95,80.54,81.25,80,92,11.48,LK,1595124532
Airai,-8.93,125.41,72.45,34,0,3.31,TL,1595124823
Bilma,18.69,12.92,84.76,37,100,9.46,NE,1595124823
Barrow,71.29,-156.79,37.4,74,75,14.99,US,1595124823
Punta Arenas,-53.15,-70.92,35.6,74,99,17.22,CL,1595124823
Salalah,17.02,54.09,78.8,94,90,8.05,OM,1595124823
Codrington,-38.27,141.97,51.94,83,95,18.1,AU,1595124824
Baghdad,33.34,44.4,80.6,34,0,5.82,IQ,1595124824
Arraial do Cabo,-22.97,-42.03,70.14,76,0,16.64,BR,1595124815
Sibolga,1.74,98.78,84.34,62,100,0.83,ID,1595124824
Hobart,-42.88,147.33,59.0,51,20,6.93,AU,1595124659
New Norfolk,-42.78,147.06,59.0,72,15,3.0,AU,1595124824
Rikitea,-23.12,-134.97,69.82,82,100,11.18,PF,1595124824
Kavieng,-2.57,150.8,83.05,74,85,7.05,PG,1595124825
Bredasdorp,-34.53,20.04,50.0,93,53,3.06,ZA,1595124825
Eyl,7.98,49.82,78.57,62,95,32.46,SO,1595124718
Sitka,57.05,-135.33,57.2,93,90,10.29,US,1595124634
Jacareacanga,-6.22,-57.75,76.91,66,25,1.54,BR,1595124825
Tuatapere,-46.13,167.68,50.45,48,2,2.19,NZ,1595124825
Alofi,-19.06,-169.92,78.8,69,92,11.41,NU,1595124621
Clyde River,70.47,-68.59,42.8,87,90,12.75,CA,1595124825
Atbasar,51.8,68.33,74.93,59,63,10.6,KZ,1595124825
Caravelas,-17.71,-39.25,70.59,74,39,7.54,BR,1595124655
Sampang,-7.19,113.24,82.27,71,0,11.39,ID,1595124826
Port-Cartier,50.03,-66.87,64.99,93,20,4.7,CA,1595124826
Bluff,-46.6,168.33,46.27,61,1,5.19,NZ,1595124826
Albany,42.6,-73.97,80.01,66,59,3.78,US,1595124782
Bytów,54.17,17.49,63.0,87,0,4.07,PL,1595124826
Hithadhoo,-0.6,73.08,82.36,79,100,13.91,MV,1595124826
Portland,45.52,-122.68,82.99,34,1,14.99,US,1595124506
Mugur-Aksy,50.35,90.5,63.55,54,0,3.29,RU,1595124827
Altyn-Topkan,40.65,69.6,80.6,47,20,11.18,TJ,1595124827
Tumaco,1.8,-78.82,77.0,88,96,8.95,CO,1595124827
Tasiilaq,65.61,-37.64,44.6,81,68,6.93,GL,1595124827
Thompson,55.74,-97.86,69.8,49,75,4.7,CA,1595124815
Itupiranga,-5.13,-49.33,75.2,78,33,3.36,BR,1595124827
Bontang,0.13,117.5,83.95,66,7,1.66,ID,1595124827
Vredendal,-31.67,18.5,53.65,40,0,3.91,ZA,1595124828
Mar del Plata,-38.0,-57.56,51.01,100,90,3.38,AR,1595124828
Singaraja,-8.11,115.09,83.26,62,7,0.49,ID,1595124589
General Roca,-39.03,-67.58,50.0,76,58,3.36,AR,1595124828
Longyearbyen,78.22,15.64,42.8,87,75,3.36,SJ,1595124828
Hilo,19.73,-155.09,84.2,66,20,9.17,US,1595124828
Saint Paul Harbor,57.79,-152.41,64.4,68,90,8.05,US,1595124828
Carauari,-4.88,-66.9,73.36,95,96,2.82,BR,1595124828
Busselton,-33.65,115.33,55.0,91,100,2.98,AU,1595124829
Cape Town,-33.93,18.42,57.0,100,0,9.17,ZA,1595124829
Vardø,70.37,31.11,50.86,87,100,4.7,NO,1595124829
Esperance,-33.87,121.9,51.8,100,75,4.7,AU,1595124829
Dikson,73.51,80.55,39.61,95,100,5.91,RU,1595124829
Upernavik,72.79,-56.15,47.43,56,0,5.46,GL,1595124829
Paso de Patria,-27.25,-58.55,77.0,63,0,3.0,AR,1595124830
Nikolskoye,59.7,30.79,62.01,77,100,4.47,RU,1595124830
Benghazi,32.12,20.07,75.79,74,0,9.08,LY,1595124830
Mărgineni,46.9,26.63,64.0,56,99,5.28,RO,1595124830
Allonnes,47.97,0.16,64.4,68,87,3.36,FR,1595124828
Kabare,-2.47,28.82,55.63,76,1,1.34,CD,1595124830
Osasco,-23.53,-46.79,66.2,77,0,5.82,BR,1595124830
Kannapolis,35.49,-80.62,75.0,100,1,2.42,US,1595124831
Port Montt,-41.47,-72.94,50.0,93,90,13.87,CL,1595124831
Pimentel,-6.84,-79.93,60.94,88,32,13.29,PE,1595124831
Camaná,-16.62,-72.71,59.77,77,67,7.45,PE,1595124706
Necochea,-38.55,-58.74,45.0,97,39,2.35,AR,1595124831
Talnakh,69.49,88.4,53.6,81,69,4.47,RU,1595124831
Hvide Sande,56.0,8.13,63.0,77,100,1.01,DK,1595124832
Guajará,-2.97,-57.67,76.69,70,17,2.53,BR,1595124832
Saldanha,-33.01,17.94,48.2,81,0,2.24,ZA,1595124832
Vila Velha,-20.33,-40.29,66.0,93,75,2.24,BR,1595124832
East London,-33.02,27.91,61.18,60,0,8.75,ZA,1595124832
Iqaluit,63.75,-68.51,46.4,93,75,2.24,CA,1595124832
Coyhaique,-45.58,-72.07,32.0,93,90,2.24,CL,1595124832
Qaanaaq,77.48,-69.36,47.25,74,98,1.03,GL,1595124833
Uvalde,29.37,-99.77,82.0,78,10,4.7,US,1595124833
Tuensang,26.28,94.83,78.15,73,79,1.7,IN,1595124833
Waddān,29.16,16.14,76.8,52,0,10.09,LY,1595124833
Port Macquarie,-31.43,152.92,66.0,65,0,4.45,AU,1595124833
Māngrol,21.12,70.12,84.16,81,2,15.55,IN,1595124543
San Cristobal,7.77,-72.22,65.77,92,78,3.09,VE,1595124834
Laguna de Perlas,12.34,-83.67,80.28,86,91,9.08,NI,1595124834
Narsaq,60.92,-46.05,50.0,61,95,5.82,GL,1595124834
Conway,35.09,-92.44,87.01,66,0,5.28,US,1595124656
Butaritari,3.07,172.79,82.98,76,43,14.65,KI,1595124834
Parry Sound,45.35,-80.03,77.0,73,25,10.0,CA,1595124834
Khatanga,71.97,102.5,49.68,72,100,5.97,RU,1595124834
Khandyga,62.67,135.6,71.26,84,100,3.49,RU,1595124835
Youkounkoun,12.53,-13.13,72.39,95,100,5.59,GN,1595124835
Lebu,-37.62,-73.65,53.38,87,100,14.43,CL,1595124835
Mthatha,-31.59,28.78,39.2,34,0,1.12,ZA,1595124835
Sørland,67.67,12.69,55.42,85,40,22.95,NO,1595124835
Jamestown,42.1,-79.24,75.2,69,1,6.08,US,1595124835
Amet,25.3,73.93,80.71,78,42,7.9,IN,1595124836
Aklavik,68.22,-135.01,46.4,70,90,9.17,CA,1595124836
Plácido de Castro,-10.34,-67.19,75.88,51,0,1.07,BR,1595124836
Canto do Buriti,-8.11,-42.94,74.43,54,1,6.76,BR,1595124836
Pisco,-13.7,-76.22,61.0,82,0,11.41,PE,1595124836
Mataura,-46.19,168.86,49.69,49,0,0.34,NZ,1595124836
Gamba,-2.65,10.0,69.31,94,2,1.72,GA,1595124836
Flinders,-34.58,150.86,64.0,59,23,11.01,AU,1595124837
Cusco,-13.52,-71.98,50.18,71,0,3.89,PE,1595124662
Capinópolis,-18.68,-49.57,66.76,46,0,6.13,BR,1595124837
Mont-Dore,-22.28,166.58,73.0,99,9,11.95,NC,1595124837
Quatre Cocos,-20.21,57.76,68.0,72,40,13.87,MU,1595124837
Qingquan,30.45,115.26,74.46,95,100,5.88,CN,1595124837
Geraldton,-28.77,114.6,55.4,87,90,4.7,AU,1595124702
Chui,-33.7,-53.46,62.64,93,19,5.91,UY,1595124838
Beloha,-25.17,45.05,58.03,85,0,7.67,MG,1595124838
Dingle,11.0,122.67,84.83,69,100,5.06,PH,1595124838
Władysławowo,54.79,18.4,60.01,100,12,1.12,PL,1595124838
Havøysund,71.0,24.66,57.2,71,82,19.46,NO,1595124647
Saint George,37.1,-113.58,104.0,8,1,12.75,US,1595124812
Kruisfontein,-34.0,24.73,49.77,81,0,5.23,ZA,1595124838
Avera,33.19,-82.53,84.2,65,1,3.36,US,1595124727
Nebbi,2.48,31.09,62.4,67,87,3.94,UG,1595124839
Dayong,25.02,118.29,91.4,66,75,6.71,CN,1595124839
Lompoc,34.64,-120.46,68.0,68,0,13.87,US,1595124839
Chernyshevsk,52.52,117.02,61.16,83,100,6.71,RU,1595124839
Mujiayingzi,42.12,118.78,75.16,34,0,10.94,CN,1595124839
São Filipe,14.9,-24.5,76.05,77,20,5.84,CV,1595124839
San Juan,-31.54,-68.54,56.68,41,2,5.23,AR,1595124839
Saint-Pierre,-21.34,55.48,66.2,68,90,12.75,RE,1595124840
Les Cayes,18.2,-73.75,79.72,78,37,3.56,HT,1595124840
San Patricio,19.22,-104.7,82.4,74,40,11.41,MX,1595124840
Broken Hill,-31.95,141.43,59.0,44,3,12.75,AU,1595124840
Labuhan,-6.88,112.21,81.37,71,0,7.27,ID,1595124840
Cidreira,-30.18,-50.21,64.89,88,34,8.61,BR,1595124669
Alice Springs,-23.7,133.88,66.2,19,90,8.05,AU,1595124560
Belaya Gora,68.53,146.42,69.44,41,0,14.94,RU,1595124726
Ponta do Sol,32.67,-17.1,69.01,78,32,1.92,PT,1595124841
Mincivan,39.03,46.72,75.94,51,33,0.54,AZ,1595124841
Half Moon Bay,37.46,-122.43,75.2,47,5,8.05,US,1595124584
Sinnamary,5.38,-52.95,78.04,84,100,8.37,GF,1595124841
Ketchikan,55.34,-131.65,59.0,100,90,9.17,US,1595124841
Livingston,55.9,-3.52,51.01,87,88,9.17,GB,1595124607
Shira,54.49,89.95,60.28,63,0,3.67,RU,1595124842
Faya,18.39,42.45,69.8,45,74,7.61,SA,1595124842
Ochakiv,46.61,31.55,68.0,82,0,6.71,UA,1595124842
Inírida,3.87,-67.92,73.24,95,96,0.96,CO,1595124600
Toktogul,41.87,72.94,69.13,52,1,0.22,KG,1595124842
Vanimo,-2.67,141.3,82.47,77,68,6.62,PG,1595124842
San Quintín,30.48,-115.95,70.45,74,0,16.75,MX,1595124842
Westport,41.14,-73.36,79.0,78,1,5.82,US,1595124741
Tullahoma,35.36,-86.21,80.6,83,1,2.91,US,1595124779
Cabedelo,-6.98,-34.83,71.6,94,26,5.82,BR,1595124843
Antsla,57.83,26.54,60.01,87,100,1.23,EE,1595124843
Te Anau,-45.42,167.72,49.8,57,0,0.63,NZ,1595124692
Gornopravdinsk,60.05,69.9,74.82,73,48,6.51,RU,1595124843
Cabo San Lucas,22.89,-109.91,84.99,39,5,10.29,MX,1595124733
Tiznit Province,29.58,-9.5,79.52,29,0,1.41,MA,1595124844
Batavia,41.85,-88.31,84.99,79,1,12.75,US,1595124844
Montrose,38.42,-108.27,81.0,23,2,8.99,US,1595124844
Carnarvon,-24.87,113.63,57.2,67,0,14.99,AU,1595124844
Cayenne,4.93,-52.33,75.2,100,75,10.45,GF,1595124844
Gävle,60.67,17.14,59.0,81,81,1.99,SE,1595124844
Mitsamiouli,-11.38,43.28,75.18,64,3,13.11,KM,1595124666
San-Pédro,4.75,-6.64,74.28,92,50,5.5,CI,1595124845
Port Alfred,-33.59,26.89,58.87,77,0,9.8,ZA,1595124845
Bambous Virieux,-20.34,57.76,68.0,72,40,13.87,MU,1595124845
Hirara,24.8,125.28,84.2,83,75,9.17,JP,1595124845
Lavrentiya,65.58,-171.0,50.74,67,88,6.49,RU,1595124688
Chudniv,50.05,28.12,58.03,94,0,5.82,UA,1595124845
Los Llanos de Aridane,28.66,-17.92,75.2,64,53,6.93,ES,1595124561
Nālūt,30.33,10.85,74.75,59,16,22.7,LY,1595124845
High Level,58.52,-117.14,68.0,68,75,6.93,CA,1595124845
Tabou,4.42,-7.35,74.84,89,13,6.31,CI,1595124846
Durango,24.83,-104.83,72.39,45,75,11.56,MX,1595124592
Aripuanã,-9.17,-60.63,76.84,58,0,2.19,BR,1595124693
Murgab,37.5,61.97,77.0,36,0,4.7,TM,1595124846
Cherskiy,68.75,161.3,69.82,50,0,7.18,RU,1595124846
Sackville,45.92,-64.38,62.6,93,20,6.93,CA,1595124846
Kulhudhuffushi,6.62,73.07,83.79,72,96,23.04,MV,1595124707
Qaqortoq,60.72,-46.03,50.0,57,81,5.82,GL,1595124425
Port Hardy,50.7,-127.42,62.6,82,90,11.41,CA,1595124847
Shimoda,34.67,138.95,80.01,83,75,16.11,JP,1595124847
Nizwá,22.93,57.53,84.81,55,4,4.29,OM,1595124847
Khulna,22.81,89.57,86.02,73,100,12.28,BD,1595124644
Suruç,36.98,38.42,77.0,57,0,4.7,TR,1595124847
Jiuquan,39.74,98.52,82.04,15,6,4.14,CN,1595124847
Christchurch,-43.53,172.63,54.0,100,81,13.87,NZ,1595124763
Juneau,58.3,-134.42,57.99,93,90,9.17,US,1595124647
Spolaita,38.7,21.35,71.6,83,20,6.93,GR,1595124848
Nome,64.5,-165.41,62.01,76,1,21.92,US,1595124848
Hong Kong,22.29,114.16,90.0,62,100,11.99,HK,1595124638
Ranau,5.95,116.66,86.0,74,20,8.05,MY,1595124639
Mehamn,71.04,27.85,52.97,74,20,6.4,NO,1595124693
Guerrero Negro,27.98,-114.06,71.37,73,0,18.5,MX,1595124848
Yar-Sale,66.83,70.83,49.33,91,100,10.04,RU,1595124848
Wakkanai,45.41,141.67,69.8,88,75,6.93,JP,1595124848
Virginia Beach,36.85,-75.98,82.99,78,20,4.7,US,1595124569
Kefamenanu,-9.45,124.48,79.74,49,0,4.83,ID,1595124849
Neuquén,-38.95,-68.06,50.0,76,11,3.36,AR,1595124849
Severo-Kuril'sk,50.68,156.12,53.49,82,63,13.82,RU,1595124849
Fort William,56.82,-5.11,48.99,95,80,5.44,GB,1595124849
Cururupu,-1.83,-44.87,72.54,93,74,1.23,BR,1595124849
Esna,25.29,32.55,82.4,45,0,3.36,EG,1595124644
Birin,26.89,88.07,65.98,95,100,1.61,NP,1595124849
Were Īlu,10.6,39.43,53.33,85,100,2.73,ET,1595124850
Zharkent,44.16,80.0,83.82,32,72,7.85,KZ,1595124850
Rostovka,55.38,71.89,73.89,81,90,3.71,RU,1595124850
Fukuechō,32.69,128.84,80.6,94,75,12.75,JP,1595124850
Beyneu,45.32,55.2,85.5,28,0,6.6,KZ,1595124850
Monrovia,6.3,-10.8,77.0,94,75,4.32,LR,1595124850
Abu Kamal,34.45,40.92,78.69,23,0,8.32,SY,1595124850
Norman Wells,65.28,-126.83,66.2,77,90,4.7,CA,1595124850
Mahébourg,-20.41,57.7,68.0,72,40,13.87,MU,1595124850
Kitami,43.8,143.89,80.6,51,20,4.7,JP,1595124851
Shingū,33.73,135.98,80.6,74,75,4.7,JP,1595124851
Sampit,-2.53,112.95,85.24,70,80,2.3,ID,1595124851
Nantucket,41.28,-70.1,66.2,100,90,6.93,US,1595124851
Omboué,-1.57,9.26,71.31,90,34,4.99,GA,1595124851
Lorengau,-2.02,147.27,83.53,72,43,5.7,PG,1595124851
Thyborøn,56.7,8.21,62.01,49,100,9.64,DK,1595124851
Paranaíba,-19.68,-51.19,69.26,45,0,5.79,BR,1595124851
Tiksi,71.69,128.87,51.66,97,100,8.7,RU,1595124688
Afuá,-0.16,-50.39,76.33,87,48,6.53,BR,1595124852
Philadelphia,39.95,-75.16,88.0,61,40,3.36,US,1595124844
Prince Rupert,54.32,-130.32,55.4,100,100,1.57,CA,1595124681
Ayan,56.45,138.17,55.33,96,99,5.28,RU,1595124852
Zyryanskoye,56.83,86.63,63.99,64,42,2.17,RU,1595124852
Delmas,-26.15,28.68,46.0,41,0,6.93,ZA,1595124852
Crotone,39.09,17.12,70.0,72,0,9.98,IT,1595124852
Sīrjān,29.45,55.68,73.18,25,6,5.86,IR,1595124853
Bengkulu,-3.8,102.27,81.52,71,100,2.46,ID,1595124629
Tambura,5.6,27.47,67.33,98,100,3.87,SS,1595124853
Jobabo,20.97,-76.3,78.8,83,71,6.93,CU,1595124853
College,64.86,-147.8,68.0,68,75,8.05,US,1595124853
Holguín,20.89,-76.26,78.8,83,61,6.93,CU,1595124853
Ibrā’,22.69,58.53,85.21,61,1,6.64,OM,1595124853
San Miguel de Cozumel,20.51,-86.95,82.99,88,40,2.24,MX,1595124853
Juazeiro do Norte,-7.21,-39.32,70.77,70,6,10.65,BR,1595124853
Port Blair,11.67,92.75,83.62,73,83,7.0,IN,1595124854
Tahe,52.33,124.73,82.06,40,100,14.2,CN,1595124854
Castro,-24.79,-50.01,57.25,91,0,3.58,BR,1595124581
Lewistown,40.6,-77.57,79.0,69,1,2.46,US,1595124854
Kavaratti,10.57,72.64,82.56,76,100,19.53,IN,1595124854
Aquiraz,-3.9,-38.39,80.6,74,75,11.41,BR,1595124854
Salinas,36.68,-121.66,70.0,68,90,14.99,US,1595124854
Marapanim,-0.72,-47.7,73.81,94,98,4.92,BR,1595124854
Kenora,49.82,-94.43,73.4,69,75,12.75,CA,1595124855
Vedasandūr,10.53,77.95,80.46,69,99,8.08,IN,1595124855
Kota Bharu,6.13,102.24,86.0,70,20,4.7,MY,1595124855
Selfoss,63.93,-21.0,45.0,87,49,34.0,IS,1595124855
Papara,-3.98,-38.73,80.6,74,75,11.41,BR,1595124855
Hambantota,6.12,81.12,75.2,100,75,1.12,LK,1595124855
Vestmanna,62.16,-7.17,48.2,93,91,9.17,FO,1595124855
Yantal',56.85,105.25,54.55,68,100,3.76,RU,1595124855
Furano,43.28,142.47,78.8,69,20,3.36,JP,1595124856
Kataysk,56.29,62.58,71.33,87,97,5.82,RU,1595124856
Faanui,-16.48,-151.75,75.27,83,71,22.37,PF,1595124856
Khanbari,27.37,87.2,73.36,75,100,0.98,NP,1595124856
Hailar,49.2,119.7,64.87,64,39,14.94,CN,1595124856
Kaitangata,-46.28,169.85,48.99,62,0,4.0,NZ,1595124856
Flin Flon,54.77,-101.86,57.6,88,100,4.83,CA,1595124857
Eureka,40.8,-124.16,66.0,17,25,4.21,US,1595124707
Samarai,-10.62,150.67,77.09,85,100,16.26,PG,1595124857
Vao,-22.67,167.48,70.09,72,1,16.64,NC,1595124703
Altamont,42.21,-121.74,89.6,22,1,18.34,US,1595124857
Micheweni,-4.97,39.83,77.07,68,31,18.54,TZ,1595124857
Marawi,8.0,124.29,82.99,78,0,3.0,PH,1595124857
Isangel,-19.55,169.27,77.0,57,20,11.41,VU,1595124844
Teguise,29.06,-13.56,77.0,69,0,23.04,ES,1595124858
Buraidah,26.33,43.98,89.6,24,20,12.75,SA,1595124858
Muisne,0.6,-80.03,74.41,90,92,10.58,EC,1595124858
Kununurra,-15.77,128.73,84.2,15,40,11.41,AU,1595124858
Ahipara,-35.17,173.17,59.47,86,100,12.57,NZ,1595124858
Puerto Ayacucho,5.66,-67.62,78.8,83,20,2.24,VE,1595124858
Aksarka,66.56,67.8,51.6,90,90,11.12,RU,1595124858
Macamic,48.75,-79.0,68.0,88,90,6.93,CA,1595124858
Binga,-17.62,27.34,51.66,61,0,2.33,ZW,1595124859
Wajima,37.4,136.9,78.8,74,40,5.82,JP,1595124859
Touros,-5.2,-35.46,69.8,100,20,3.36,BR,1595124859
Hīrna,9.22,41.1,57.78,90,100,2.19,ET,1595124859
Yangi Marg`ilon,40.43,71.72,78.8,39,0,4.7,UZ,1595124859
George Town,5.41,100.34,86.0,88,20,4.7,MY,1595124859
Ancud,-41.87,-73.82,51.01,100,75,9.17,CL,1595124859
Torbay,47.67,-52.73,57.99,71,20,12.75,CA,1595124859
Katherine,-14.47,132.27,82.4,32,0,6.93,AU,1595124860
Arlit,18.74,7.39,87.84,39,35,10.29,NE,1595124860
Waingapu,-9.66,120.26,82.54,61,3,7.52,ID,1595124686
Orán,-23.13,-64.33,64.99,85,98,1.25,AR,1595124860
Banepā,27.63,85.52,69.8,100,75,2.24,NP,1595124860
Russell,32.35,-85.2,87.8,88,1,2.06,US,1595124860
Muli,2.92,73.57,82.17,79,100,20.56,MV,1595124860
Pokhara,28.23,83.98,72.03,84,100,0.96,NP,1595124861
Husavik,66.04,-17.34,42.8,87,90,12.75,IS,1595124861
Bayburt,40.26,40.23,58.39,76,0,1.68,TR,1595124861
Maşyāf,35.07,36.34,69.8,77,0,3.36,SY,1595124861
Verāval,20.9,70.37,84.09,81,1,14.88,IN,1595124861
Zhangzhou,24.51,117.66,91.4,66,75,6.71,CN,1595124861
Fortuna,40.6,-124.16,64.99,82,20,8.05,US,1595124861
Daru,-9.08,143.21,78.71,79,72,14.43,PG,1595124861
Lamar,33.67,-95.58,84.2,66,1,8.05,US,1595124861
Lillooet,50.69,-121.94,86.0,30,20,10.29,CA,1595124862
Ca Mau,9.18,105.15,86.52,68,4,2.59,VN,1595124862
Bandarbeyla,9.49,50.81,78.94,64,82,32.28,SO,1595124862
Cockburn Town,21.46,-71.14,83.79,77,0,18.25,TC,1595124862
Bubaque,11.28,-15.83,76.35,94,100,12.53,GW,1595124705
Ratnagiri,16.98,73.3,80.89,85,89,5.53,IN,1595124862
Morón,-34.65,-58.62,59.0,100,90,3.36,AR,1595124862
Asău,46.43,26.4,64.4,88,92,5.82,RO,1595124863
Mangla,31.89,72.38,99.03,35,5,7.29,PK,1595124863
Poum,-20.23,164.02,71.71,62,4,13.27,NC,1595124863
Erice,38.04,12.59,69.8,88,0,3.36,IT,1595124863
Ribeira Grande,38.52,-28.7,68.95,78,11,8.52,PT,1595124863
Grindavik,63.84,-22.43,46.4,81,40,6.93,IS,1595124863
Turaif,31.67,38.66,78.8,41,0,16.11,SA,1595124818
Zapolyarnyy,69.42,30.81,51.8,93,91,10.29,RU,1595124864
Kenai,60.55,-151.26,62.01,72,90,9.17,US,1595124698
Forsytheganj,52.63,29.73,54.77,88,0,3.18,BY,1595124689
Ucluelet,48.93,-125.55,69.8,68,20,16.11,CA,1595124626
Kriel,-26.27,29.23,39.63,52,0,4.12,ZA,1595124864
North Bend,43.41,-124.22,73.99,87,1,23.04,US,1595124757
Srednekolymsk,67.45,153.68,68.85,47,0,8.68,RU,1595124697
Port Lincoln,-34.73,135.87,56.26,63,42,23.13,AU,1595124864
Port Shepstone,-30.74,30.45,63.99,28,0,7.02,ZA,1595124864
Leshukonskoye,64.9,45.76,52.7,77,0,2.77,RU,1595124865
Sakakah,29.97,40.21,87.8,14,0,3.36,SA,1595124865
Vanavara,60.34,102.28,57.11,66,28,6.17,RU,1595124865
Pueblo Nuevo,23.38,-105.38,61.07,98,99,2.51,MX,1595124865
Melfort,52.87,-104.62,60.8,100,40,3.36,CA,1595124865
Erenhot,43.65,111.98,70.72,32,0,5.32,CN,1595124865
Tifton,31.45,-83.51,82.0,83,1,3.69,US,1595124865
Neryungri,56.67,124.65,67.93,86,100,7.45,RU,1595124844
Constitución,-35.33,-72.42,54.84,89,94,9.78,CL,1595124866
Chokurdakh,70.63,147.92,64.69,34,0,13.62,RU,1595124866
Rome,43.21,-75.46,73.4,73,1,3.36,US,1595124866
Worthington,40.09,-83.02,84.2,69,1,5.82,US,1595124866
Lazo,43.38,133.9,82.83,33,0,4.29,RU,1595124725
Buckeye,33.37,-112.58,109.4,13,1,8.05,US,1595124698
Laas,46.62,10.7,51.8,81,5,4.7,IT,1595124866
Sungai Raya,0.7,108.9,84.65,68,18,1.95,ID,1595124867
Tromsø,69.65,18.96,53.6,76,87,17.22,NO,1595124867
Lagoa,39.05,-27.98,68.29,79,0,11.36,PT,1595124867
Songjianghe,42.19,127.48,77.02,66,100,0.54,CN,1595124867
Woodstock,43.13,-80.75,78.8,69,75,8.05,CA,1595124867
Nuuk,64.18,-51.72,51.8,87,100,5.82,GL,1595124816
Nosy Varika,-20.58,48.53,65.23,83,63,5.99,MG,1595124867
Maceió,-9.67,-35.74,69.8,100,40,2.24,BR,1595124698
Nānākuli,21.39,-158.15,89.6,49,1,10.29,US,1595124636
Tecozautla,20.53,-99.63,60.8,82,90,8.05,MX,1595124868
Azul,-36.78,-59.86,51.01,93,93,5.99,AR,1595124868
Mount Isa,-20.73,139.5,78.8,11,0,6.93,AU,1595124868
Mount Gambier,-37.83,140.77,51.8,93,75,13.87,AU,1595124868
Rørvik,64.86,11.24,54.68,77,100,10.31,NO,1595124868
Merauke,-8.47,140.33,79.32,74,76,9.15,ID,1595124868
Red Wing,44.56,-92.53,86.0,70,40,6.93,US,1595124869
Sorbhog,26.5,90.87,78.51,92,97,5.79,IN,1595124869
Carnot,4.94,15.87,69.31,91,100,1.61,CF,1595124869
Dwārka,22.24,68.97,85.03,80,3,17.29,IN,1595124661
Severnyy,50.68,36.55,57.2,87,0,8.95,RU,1595124869
Mayo,38.89,-76.51,82.4,69,1,3.78,US,1595124869
Beaufort,5.35,115.75,84.2,83,20,5.82,MY,1595124594
Mbeya,-8.9,33.45,49.8,89,47,7.18,TZ,1595124870
Souillac,-20.52,57.52,68.0,72,40,13.87,MU,1595124870
Yangjiang,21.85,111.97,91.0,61,100,12.8,CN,1595124870
Benguela,-12.58,13.41,65.95,79,0,2.93,AO,1595124870
Hobyo,5.35,48.53,77.4,74,96,27.13,SO,1595124870
Wattegama,6.8,81.48,75.2,100,75,1.12,LK,1595124870
Kutum,14.2,24.67,74.23,66,4,8.14,SD,1595124870
Matamoros,25.53,-103.25,86.0,37,75,14.99,MX,1595124871
Namatanai,-3.67,152.43,84.51,69,57,5.41,PG,1595124696
Khanpur,28.65,70.66,96.8,42,0,16.6,PK,1595124767
Kindu,-2.95,25.95,66.9,69,23,0.13,CD,1595124723
Arrondissement de Thiers,45.83,3.5,57.2,82,0,1.12,FR,1595124871
Rosarito,32.33,-117.03,75.0,73,1,10.29,MX,1595124871
Klaksvík,62.23,-6.59,48.2,93,86,9.17,FO,1595124871
Rudnogorsk,57.26,103.75,53.74,75,98,5.53,RU,1595124872
Mosetse,-20.75,26.65,46.29,71,0,11.5,BW,1595124872
Alamosa,37.47,-105.87,62.6,67,20,5.82,US,1595124872
Kumul,42.8,93.45,91.06,11,99,6.91,CN,1595124872
Oudtshoorn,-33.59,22.2,50.0,100,3,3.36,ZA,1595124872
Kirakira,-10.45,161.92,83.41,75,100,5.88,SB,1595124872
Luanda,-8.84,13.23,68.0,94,75,3.36,AO,1595124872
Osoyoos,49.03,-119.45,84.2,32,75,6.93,CA,1595124703
Yazman,29.12,71.74,98.29,41,0,18.16,PK,1595124873
Emmett,43.87,-116.5,88.0,17,0,1.01,US,1595124873
Roald,62.58,6.13,55.4,76,1,11.41,NO,1595124873
Upington,-28.45,21.26,42.8,30,0,4.7,ZA,1595124873
Moju,-1.88,-48.77,78.8,88,40,12.75,BR,1595124813
Aban,56.67,96.06,60.96,51,0,3.56,RU,1595124873
Avanigadda,16.02,80.92,86.0,79,75,7.67,IN,1595124873
Raja,8.46,25.68,69.26,97,100,2.42,SS,1595124873
Mirny,62.54,113.96,62.6,59,20,4.47,RU,1595124873
Clonakilty,51.62,-8.87,51.01,87,75,13.87,IE,1595124874
Lesnoy,57.62,63.08,69.67,87,62,3.27,RU,1595124874
Gejiu,23.31,103.16,65.43,95,100,4.68,CN,1595124874
Gijang,35.24,129.21,75.2,88,90,6.93,KR,1595124874
Florianópolis,-27.61,-48.5,66.2,88,75,8.05,BR,1595124874
Port-Gentil,-0.72,8.78,73.96,85,100,10.56,GA,1595124874
Huarmey,-10.07,-78.15,60.12,84,21,7.43,PE,1595124874
Twin Falls,42.56,-114.46,86.0,19,1,12.75,US,1595124875
Marsá Maţrūḩ,31.35,27.25,69.8,94,40,8.63,EG,1595124875
Jaisalmer,26.91,70.92,89.76,61,58,14.09,IN,1595124875
Sabinas,27.85,-101.12,87.08,46,72,13.89,MX,1595124637
Iralaya,15.0,-83.23,80.58,84,0,9.64,HN,1595124875
Itarema,-2.92,-39.92,78.13,77,10,13.06,BR,1595124875
Knysna,-34.04,23.05,50.0,100,6,3.36,ZA,1595124875
Edelira,-26.75,-55.27,67.98,75,0,6.35,PY,1595124875
Novy Urengoy,66.08,76.63,52.3,84,95,10.58,RU,1595124625
Hoquiam,46.98,-123.89,68.0,68,1,16.11,US,1595124876
Monte Alegre de Minas,-18.87,-48.88,64.4,59,0,8.05,BR,1595124876
Shahr-e Bābak,30.12,55.12,71.55,22,0,9.15,IR,1595124876
Young,-32.68,-57.63,71.01,73,37,3.0,UY,1595124876
Strezhevoy,60.73,77.59,69.8,77,100,4.47,RU,1595124876
Sines Municipality,37.96,-8.87,61.0,90,1,5.01,PT,1595124876
Truckee,39.33,-120.18,78.8,27,40,6.93,US,1595124876
Fairbanks,64.84,-147.72,68.0,60,75,13.87,US,1595124876
Nanortalik,60.14,-45.24,46.65,79,54,3.38,GL,1595124877
Araouane,18.9,-3.53,83.39,59,95,18.32,ML,1595124877
Dunedin,-45.87,170.5,55.0,68,0,3.0,NZ,1595124877
Sivas Province,39.79,37.0,57.2,82,0,2.24,TR,1595124877
Cascais,38.7,-9.42,64.0,94,0,8.01,PT,1595124877
Ilulissat,69.22,-51.1,46.4,61,100,4.7,GL,1595124877
Auki,-8.77,160.7,85.64,62,60,4.25,SB,1595124696
Deputatsky,69.3,139.9,61.14,45,100,15.14,RU,1595124877
Joshīmath,30.57,79.57,69.3,58,81,1.48,IN,1595124878
Kemang,-3.35,104.34,80.4,84,39,2.98,ID,1595124878
Marzuq,14.4,46.47,81.99,44,100,2.98,YE,1595124878
Ulcinj,41.93,19.22,64.4,68,0,1.12,ME,1595124878
Agua Dulce,18.13,-94.13,80.22,87,68,8.75,MX,1595124878
Padang,-0.95,100.35,82.4,78,20,1.12,ID,1595124878
Jacmel,18.23,-72.53,77.0,94,54,3.36,HT,1595124878
Bonfim,3.08,-59.95,76.77,84,53,2.75,BR,1595124878
Saint-Augustin,51.23,-58.65,59.9,80,85,9.4,CA,1595124879
Almaznyy,48.04,40.05,62.6,82,0,6.71,RU,1595124879
Chiang Khong,20.26,100.4,70.0,99,100,0.81,TH,1595124879
Adolfo López Mateos,28.47,-107.3,66.99,72,85,3.0,MX,1595124879
Warmbad,-28.45,18.73,56.19,33,0,11.43,NA,1595124879
Puerto Nariño,-3.77,-70.38,77.0,100,20,2.51,CO,1595124879
Pemangkat,1.17,108.97,81.82,75,6,2.55,ID,1595124879
Hofn,64.25,-15.21,51.03,66,5,7.31,IS,1595124879
Pekalongan,-6.89,109.68,66.0,65,0,1.19,ID,1595124880
Khair,27.95,77.83,85.08,74,100,12.46,IN,1595124880
Turukhansk,65.82,87.98,56.19,61,0,2.64,RU,1595124638
Zdvinsk,54.7,78.66,68.25,70,38,5.39,RU,1595124880
Coulommiers,48.81,3.08,60.8,77,80,5.82,FR,1595124880
Haines Junction,60.75,-137.51,66.54,46,22,8.99,CA,1595124880
Den Helder,52.96,4.76,64.99,100,90,2.24,NL,1595124880
Nipawin,53.37,-104.0,60.8,100,40,3.36,CA,1595124880
Volksrust,-27.37,29.88,42.51,43,0,1.07,ZA,1595124880
Kropotkin,45.44,40.58,66.52,80,2,8.5,RU,1595124703
Tālbahat,25.05,78.43,89.74,57,43,10.31,IN,1595124881
Lilongwe,-13.97,33.79,52.84,88,3,4.79,MW,1595124881
Vila Franca do Campo,37.72,-25.43,68.0,68,20,6.93,PT,1595124881
Sokoni,-6.43,39.55,75.2,78,20,5.82,TZ,1595124881
Moussoro,13.64,16.49,82.26,55,4,9.89,TD,1595124881
Cap Malheureux,-19.98,57.61,66.0,79,51,3.0,MU,1595124881
Laramie,41.31,-105.59,77.0,31,1,15.75,US,1595124832
Severnoye,56.35,78.36,70.54,73,28,3.42,RU,1595124882
Grande Prairie,55.17,-118.8,66.2,52,75,20.8,CA,1595124882
Palmer,42.16,-72.33,73.0,83,20,2.8,US,1595124623
Esmeralda,21.85,-78.12,78.8,94,71,5.82,CU,1595124882
Pimenteiras,-6.25,-41.42,71.02,64,0,4.41,BR,1595124882
Kloulklubed,7.04,134.26,86.0,70,75,8.05,PW,1595124882
Evanston,42.04,-87.69,87.8,70,75,14.99,US,1595124619
Bethanien,-26.5,17.16,51.21,39,0,8.03,NA,1595124882
Zaraza,9.35,-65.32,73.96,95,8,3.6,VE,1595124882
‘Ewa Beach,21.32,-158.01,89.6,49,1,10.29,US,1595124685
Harper,4.38,-7.72,75.13,89,2,6.51,LR,1595124883
Xining,36.62,101.77,60.19,57,0,1.3,CN,1595124676
Yuanping,38.72,112.76,76.28,34,8,5.23,CN,1595124883
Coquimbo,-29.95,-71.34,53.6,87,100,4.7,CL,1595124883
La Paz,-16.5,-68.15,41.0,41,0,2.24,BO,1595124698
Tessalit,20.2,1.01,83.08,53,49,13.31,ML,1595124883
Manokwari,-0.87,134.08,83.8,68,13,5.3,ID,1595124801
Hokitika,-42.72,170.97,56.23,62,80,6.11,NZ,1595124884
Lüderitz,-26.65,15.16,64.4,25,0,4.7,NA,1595124884
Berea,41.37,-81.85,84.99,54,75,8.05,US,1595124884
Alihe,50.57,123.72,71.33,77,99,12.24,CN,1595124884
Olafsvik,64.89,-23.71,46.56,80,5,10.02,IS,1595124884
Ararat,39.83,44.7,68.0,82,34,2.08,AM,1595124884
Karaton,-6.34,106.1,86.0,70,20,4.7,ID,1595124885
Dumabato,16.32,121.7,88.57,50,100,1.41,PH,1595124885
Burns Lake,54.23,-125.75,66.96,46,33,11.65,CA,1595124885
Yaan,7.38,8.57,71.2,93,89,4.92,NG,1595124885
Encruzilhada do Sul,-30.54,-52.52,62.65,98,0,3.15,BR,1595124725
Khovd,48.01,91.64,70.45,42,93,2.84,MN,1595124726
Ostrovnoy,68.05,39.51,59.94,60,1,16.22,RU,1595124885
Henties Bay,-22.12,14.28,64.0,30,0,1.99,NA,1595124886
Tudor Vladimirescu,45.57,27.65,65.97,60,56,5.46,RO,1595124886
High Rock,26.62,-78.28,82.67,80,100,16.93,BS,1595124886
Ubari,26.59,12.78,86.38,21,6,9.91,LY,1595124886
Dalaba,10.7,-12.25,61.56,100,100,3.89,GN,1595124886
Aykhal,66.0,111.5,57.2,82,75,6.71,RU,1595124886
Yakeshi,49.28,120.73,60.08,86,99,7.36,CN,1595124886
Hervey Bay,-25.3,152.85,72.0,56,0,5.99,AU,1595124887
La Ronge,55.1,-105.28,62.6,93,75,8.05,CA,1595124887
Oriximiná,-1.77,-55.87,79.07,67,14,3.8,BR,1595124656
Santa Cruz de la Sierra,-17.8,-63.17,75.2,78,1,11.41,BO,1595124887
Zhigansk,66.77,123.37,67.93,56,1,10.89,RU,1595124887
Emba,48.83,58.14,87.04,32,0,2.26,KZ,1595124887
Paka,4.64,103.44,82.4,83,20,2.24,MY,1595124887
Verkhnevilyuysk,63.45,120.32,69.13,50,83,6.06,RU,1595124724
Praia,14.92,-23.51,77.0,73,40,8.05,CV,1595124616
Dar es Salaam,-6.82,39.27,68.0,94,5,9.22,TZ,1595124614
Gemeente Wageningen,51.97,5.67,60.01,100,90,2.44,NL,1595124679
Ambanja,-13.68,48.45,63.39,52,46,4.9,MG,1595124888
Mareeba,-17.0,145.43,78.01,50,75,9.17,AU,1595124888
Qom,34.64,50.88,78.84,21,0,6.76,IR,1595124798
Otorohanga,-38.18,175.2,64.0,55,0,5.01,NZ,1595124888
Shablykino,52.86,35.2,53.02,91,0,3.18,RU,1595124888
Zlatibor,43.72,19.7,48.2,100,97,3.36,RS,1595124888
Acaraú,-2.89,-40.12,78.28,77,1,14.05,BR,1595124888
Ilūkste,55.98,26.3,56.34,74,100,1.36,LV,1595124889
Safi,32.3,-9.24,73.65,72,0,10.31,MA,1595124889
Sarangani,5.4,125.46,84.42,72,75,9.73,PH,1595124889
Ploufragan,48.49,-2.79,55.0,10,10,2.26,FR,1595124889
Pandan,14.05,124.17,83.84,79,100,7.96,PH,1595124889
Kadoma,34.73,135.58,88.0,62,40,3.36,JP,1595124889
Thinadhoo,0.53,72.93,82.45,79,100,16.04,MV,1595124889
Fort Nelson,58.81,-122.7,77.0,38,75,3.36,CA,1595124889
Jarrow,54.98,-1.48,51.01,81,0,8.05,GB,1595124889
Galle,6.04,80.22,81.68,82,98,13.02,LK,1595124592
Port Augusta,-32.5,137.77,59.0,72,40,16.11,AU,1595124890
Barra do Bugres,-15.07,-57.18,75.18,48,3,2.86,BR,1595124890
Oodweyne,9.41,45.06,69.49,57,46,24.4,SO,1595124890
Maputo,-25.97,32.59,53.6,93,0,2.24,MZ,1595124890
Mahibadhoo,3.78,72.97,82.31,78,100,19.93,MV,1595124890
San Andrés,12.58,-81.7,82.4,88,75,10.29,CO,1595124546
Viedma,-40.81,-63.0,53.31,59,100,1.45,AR,1595124890
Tazovsky,67.47,78.7,51.89,67,95,9.82,RU,1595124891
Fauske,67.26,15.39,55.99,93,75,9.17,NO,1595124891
Nadvoitsy,63.87,34.32,59.22,77,10,3.65,RU,1595124891
Victor Harbor,-35.57,138.62,55.0,88,20,1.99,AU,1595124891
Mendi,-6.18,143.65,58.26,97,100,0.69,PG,1595124891
Novobiryusinskiy,56.96,97.71,60.62,45,0,5.73,RU,1595124891
Manono,-7.3,27.42,63.12,55,4,6.76,CD,1595124891
The Valley,18.22,-63.06,82.4,74,20,8.05,AI,1595124539
Tiarei,-17.53,-149.33,80.6,69,40,9.17,PF,1595124892
Ranong,9.97,98.63,87.8,74,20,3.36,TH,1595124892
Vytegra,61.01,36.45,55.31,64,79,3.33,RU,1595124892
Nadym,65.53,72.52,56.61,85,94,6.33,RU,1595124892
Porosozero,62.72,32.73,57.99,76,5,3.13,RU,1595124892
Tashtagol,52.77,87.89,64.65,57,0,8.1,RU,1595124892
Bosaso,11.28,49.18,87.71,40,56,21.7,SO,1595124892
Loviisa,60.46,26.23,53.01,95,91,4.21,FI,1595124892
Dhidhdhoo,6.88,73.1,83.61,74,99,23.38,MV,1595124893
Huilong,31.81,121.66,93.99,71,99,1.01,CN,1595124893
Chu,43.6,73.76,83.93,26,21,8.03,KZ,1595124893
Mombetsu,44.35,143.35,73.4,69,20,6.93,JP,1595124893
Ust'-Omchug,61.15,149.63,63.84,38,28,4.99,RU,1595124893
Nioro,13.35,-15.75,76.1,89,61,3.69,GM,1595124893
Bozhou,33.88,115.77,72.93,85,100,6.67,CN,1595124610
Mufumbwe,-13.68,24.8,42.49,91,0,4.83,ZM,1595124893
Ribeira Brava,32.65,-17.07,69.01,57,22,1.99,PT,1595124893
Mokolo,10.74,13.8,71.28,82,96,4.45,CM,1595124894
Santa Cruz Cabrália,-16.28,-39.02,68.0,94,75,3.36,BR,1595124894
Abu Dhabi,24.47,54.37,96.8,41,0,5.82,AE,1595124891
Wajid,3.81,43.25,72.57,70,77,22.39,SO,1595124894
Chilca,-12.52,-76.74,60.8,77,40,9.17,PE,1595124894
Soyo,-6.13,12.37,70.27,90,0,3.58,AO,1595124894
